subject,arm,cam,n_train,n_kept,train_rms_px,test_rms_med_px,iod_mm
train04,T,webcam_l,60,60,0.435,0.581,90.722
train04,Tk,webcam_l,30,30,0.331,0.577,90.936
train04,S,webcam_l,60,30,0.288,0.528,91.080
train04,T,webcam_c,60,60,0.485,0.645,89.975
train04,Tk,webcam_c,30,30,0.345,0.631,89.821
train04,S,webcam_c,60,30,0.287,0.629,89.859
train04,T,webcam_r,60,60,0.559,0.815,89.735
train04,Tk,webcam_r,30,30,0.449,0.796,89.706
train04,S,webcam_r,60,30,0.356,0.798,89.875
train04,F,basler,180,0,nan,4.174,90.450
train04,F,webcam_l,180,0,nan,2.173,90.450
train04,F,webcam_c,180,0,nan,0.917,90.450
train04,F,webcam_r,180,0,nan,2.821,90.450
train04,M,basler,240,120,1.042,2.749,89.717
train04,M,webcam_l,240,120,1.042,1.722,89.717
train04,M,webcam_c,240,120,1.042,1.020,89.717
train04,M,webcam_r,240,120,1.042,2.325,89.717
train04,GEN,basler,0,0,nan,3.714,nan
train04,GEN,webcam_l,0,0,nan,2.487,nan
train04,GEN,webcam_c,0,0,nan,2.862,nan
train04,GEN,webcam_r,0,0,nan,3.401,nan
train02,T,webcam_l,60,60,0.327,0.474,90.272
train02,Tk,webcam_l,30,30,0.258,0.489,90.375
train02,S,webcam_l,60,30,0.248,0.444,90.398
train02,T,webcam_c,60,60,0.310,0.420,89.257
train02,Tk,webcam_c,30,30,0.257,0.420,89.196
train02,S,webcam_c,60,30,0.224,0.417,89.402
train02,T,webcam_r,60,60,0.327,0.437,89.253
train02,Tk,webcam_r,30,30,0.263,0.453,89.281
train02,S,webcam_r,60,30,0.235,0.445,89.270
train02,F,basler,180,0,nan,3.715,89.394
train02,F,webcam_l,180,0,nan,2.528,89.394
train02,F,webcam_c,180,0,nan,0.910,89.394
train02,F,webcam_r,180,0,nan,1.617,89.394
train02,M,basler,240,120,0.637,4.418,89.578
train02,M,webcam_l,240,120,0.637,1.071,89.578
train02,M,webcam_c,240,120,0.637,0.679,89.578
train02,M,webcam_r,240,120,0.637,1.457,89.578
train02,GEN,basler,0,0,nan,4.054,nan
train02,GEN,webcam_l,0,0,nan,3.589,nan
train02,GEN,webcam_c,0,0,nan,4.464,nan
train02,GEN,webcam_r,0,0,nan,4.769,nan
train01,T,basler,60,60,0.477,0.610,89.714
train01,Tk,basler,30,30,0.362,0.523,89.652
train01,S,basler,60,30,0.276,0.516,89.707
train01,T,webcam_l,60,60,0.415,0.553,91.240
train01,Tk,webcam_l,30,30,0.300,0.534,90.911
train01,S,webcam_l,60,30,0.254,0.532,91.097
train01,T,webcam_c,60,60,0.490,0.613,89.113
train01,Tk,webcam_c,30,30,0.355,0.600,89.325
train01,S,webcam_c,60,30,0.314,0.586,89.143
train01,T,webcam_r,60,60,0.508,0.665,88.354
train01,Tk,webcam_r,30,30,0.354,0.602,89.300
train01,S,webcam_r,60,30,0.300,0.564,89.162
train01,S240,basler,213,106,0.295,0.502,89.775
train01,F,basler,240,0,nan,3.126,89.760
train01,F,webcam_l,240,0,nan,1.997,89.760
train01,F,webcam_c,240,0,nan,1.562,89.760
train01,F,webcam_r,240,0,nan,3.031,89.760
train01,M,basler,240,120,1.085,3.317,89.711
train01,M,webcam_l,240,120,1.085,1.706,89.711
train01,M,webcam_c,240,120,1.085,2.002,89.711
train01,M,webcam_r,240,120,1.085,0.902,89.711
train01,GEN,basler,0,0,nan,4.011,nan
train01,GEN,webcam_l,0,0,nan,3.909,nan
train01,GEN,webcam_c,0,0,nan,4.290,nan
train01,GEN,webcam_r,0,0,nan,5.719,nan
train01,S_cross,webcam_l,0,0,nan,3.622,nan
train01,S_cross,webcam_c,0,0,nan,3.394,nan
train01,S_cross,webcam_r,0,0,nan,4.931,nan
train05,T,basler,60,60,0.761,1.010,89.916
train05,Tk,basler,30,30,0.641,0.921,89.986
train05,S,basler,60,30,0.504,0.855,90.048
train05,T,webcam_l,60,60,0.901,1.133,89.875
train05,Tk,webcam_l,30,30,0.710,1.062,89.954
train05,S,webcam_l,60,30,0.585,1.028,90.185
train05,T,webcam_c,60,60,0.976,1.131,90.098
train05,Tk,webcam_c,30,30,0.762,0.999,90.116
train05,S,webcam_c,60,30,0.516,0.906,90.444
train05,T,webcam_r,60,60,0.884,1.126,89.870
train05,Tk,webcam_r,30,30,0.670,1.156,89.938
train05,S,webcam_r,60,30,0.568,1.146,90.135
train05,S240,basler,228,114,0.518,0.842,90.019
train05,F,basler,240,0,nan,3.782,90.258
train05,F,webcam_l,240,0,nan,2.689,90.258
train05,F,webcam_c,240,0,nan,1.304,90.258
train05,F,webcam_r,240,0,nan,3.259,90.258
train05,M,basler,240,120,1.481,2.522,89.881
train05,M,webcam_l,240,120,1.481,2.279,89.881
train05,M,webcam_c,240,120,1.481,1.780,89.881
train05,M,webcam_r,240,120,1.481,2.276,89.881
train05,GEN,basler,0,0,nan,3.248,nan
train05,GEN,webcam_l,0,0,nan,3.587,nan
train05,GEN,webcam_c,0,0,nan,3.213,nan
train05,GEN,webcam_r,0,0,nan,3.812,nan
train05,S_cross,webcam_l,0,0,nan,3.949,nan
train05,S_cross,webcam_c,0,0,nan,3.040,nan
train05,S_cross,webcam_r,0,0,nan,4.496,nan
train12,T,basler,60,60,0.455,0.583,89.179
train12,Tk,basler,30,30,0.359,0.560,89.294
train12,S,basler,60,30,0.272,0.551,89.212
train12,T,webcam_l,60,60,0.409,0.546,89.062
train12,Tk,webcam_l,30,30,0.318,0.493,89.575
train12,S,webcam_l,60,30,0.229,0.478,89.844
train12,T,webcam_c,60,60,0.428,0.607,88.114
train12,Tk,webcam_c,30,30,0.314,0.559,88.735
train12,S,webcam_c,60,30,0.274,0.565,88.566
train12,T,webcam_r,60,60,0.422,0.510,88.291
train12,Tk,webcam_r,30,30,0.341,0.513,88.428
train12,S,webcam_r,60,30,0.292,0.500,88.267
train12,S240,basler,224,112,0.273,0.539,89.224
train12,F,basler,240,0,nan,2.331,88.890
train12,F,webcam_l,240,0,nan,1.617,88.890
train12,F,webcam_c,240,0,nan,1.226,88.890
train12,F,webcam_r,240,0,nan,2.946,88.890
train12,M,basler,240,120,0.992,2.803,88.652
train12,M,webcam_l,240,120,0.992,1.331,88.652
train12,M,webcam_c,240,120,0.992,1.380,88.652
train12,M,webcam_r,240,120,0.992,1.025,88.652
train12,GEN,basler,0,0,nan,3.915,nan
train12,GEN,webcam_l,0,0,nan,4.060,nan
train12,GEN,webcam_c,0,0,nan,4.278,nan
train12,GEN,webcam_r,0,0,nan,6.133,nan
train12,S_cross,webcam_l,0,0,nan,2.813,nan
train12,S_cross,webcam_c,0,0,nan,2.641,nan
train12,S_cross,webcam_r,0,0,nan,3.827,nan
train11,T,basler,60,60,0.335,0.432,89.623
train11,Tk,basler,30,30,0.280,0.442,89.622
train11,S,basler,60,30,0.215,0.419,89.747
train11,T,webcam_l,60,60,0.423,0.557,90.223
train11,Tk,webcam_l,30,30,0.327,0.570,90.174
train11,S,webcam_l,60,30,0.276,0.540,90.286
train11,T,webcam_c,60,60,0.423,0.508,90.202
train11,Tk,webcam_c,30,30,0.297,0.487,90.211
train11,S,webcam_c,60,30,0.229,0.483,90.335
train11,T,webcam_r,60,60,0.408,0.532,89.997
train11,Tk,webcam_r,30,30,0.285,0.448,90.172
train11,S,webcam_r,60,30,0.233,0.448,90.367
train11,S240,basler,227,113,0.216,0.438,89.719
train11,F,basler,240,0,nan,3.830,90.061
train11,F,webcam_l,240,0,nan,2.255,90.061
train11,F,webcam_c,240,0,nan,1.079,90.061
train11,F,webcam_r,240,0,nan,2.796,90.061
train11,M,basler,240,120,0.702,4.013,90.309
train11,M,webcam_l,240,120,0.702,0.913,90.309
train11,M,webcam_c,240,120,0.702,0.851,90.309
train11,M,webcam_r,240,120,0.702,1.646,90.309
train11,GEN,basler,0,0,nan,3.328,nan
train11,GEN,webcam_l,0,0,nan,3.103,nan
train11,GEN,webcam_c,0,0,nan,3.282,nan
train11,GEN,webcam_r,0,0,nan,4.399,nan
train11,S_cross,webcam_l,0,0,nan,3.270,nan
train11,S_cross,webcam_c,0,0,nan,2.236,nan
train11,S_cross,webcam_r,0,0,nan,3.802,nan
train08,T,basler,60,60,0.368,0.505,90.470
train08,Tk,basler,30,30,0.290,0.534,90.450
train08,S,basler,60,30,0.247,0.516,90.461
train08,T,webcam_l,60,60,0.465,0.634,91.310
train08,Tk,webcam_l,30,30,0.357,0.618,91.229
train08,S,webcam_l,60,30,0.300,0.615,91.255
train08,T,webcam_c,60,60,0.502,0.613,91.545
train08,Tk,webcam_c,30,30,0.320,0.623,91.449
train08,S,webcam_c,60,30,0.254,0.512,91.600
train08,T,webcam_r,60,60,0.572,0.736,90.722
train08,Tk,webcam_r,30,30,0.480,0.709,90.699
train08,S,webcam_r,60,30,0.409,0.687,90.631
train08,S240,basler,229,114,0.257,0.499,90.459
train08,F,basler,240,0,nan,2.868,91.033
train08,F,webcam_l,240,0,nan,2.962,91.033
train08,F,webcam_c,240,0,nan,1.087,91.033
train08,F,webcam_r,240,0,nan,3.169,91.033
train08,M,basler,240,120,1.393,1.386,90.932
train08,M,webcam_l,240,120,1.393,2.257,90.932
train08,M,webcam_c,240,120,1.393,2.016,90.932
train08,M,webcam_r,240,120,1.393,2.373,90.932
train08,GEN,basler,0,0,nan,3.284,nan
train08,GEN,webcam_l,0,0,nan,3.988,nan
train08,GEN,webcam_c,0,0,nan,3.799,nan
train08,GEN,webcam_r,0,0,nan,3.891,nan
train08,S_cross,webcam_l,0,0,nan,3.479,nan
train08,S_cross,webcam_c,0,0,nan,2.412,nan
train08,S_cross,webcam_r,0,0,nan,4.118,nan
train07,T,basler,60,60,0.488,0.633,89.744
train07,Tk,basler,30,30,0.377,0.689,89.692
train07,S,basler,60,30,0.285,0.668,89.695
train07,T,webcam_l,60,60,0.444,0.646,90.360
train07,Tk,webcam_l,30,30,0.359,0.620,90.417
train07,S,webcam_l,60,30,0.272,0.610,90.419
train07,T,webcam_c,60,60,0.519,0.736,90.178
train07,Tk,webcam_c,30,30,0.409,0.698,90.181
train07,S,webcam_c,60,30,0.316,0.674,90.125
train07,T,webcam_r,60,60,0.492,0.705,90.278
train07,Tk,webcam_r,30,30,0.391,0.648,90.097
train07,S,webcam_r,60,30,0.279,0.638,90.212
train07,S240,basler,228,114,0.293,0.678,89.721
train07,F,basler,240,0,nan,3.526,90.017
train07,F,webcam_l,240,0,nan,1.396,90.017
train07,F,webcam_c,240,0,nan,0.915,90.017
train07,F,webcam_r,240,0,nan,1.873,90.017
train07,M,basler,240,120,0.824,3.353,90.461
train07,M,webcam_l,240,120,0.824,1.262,90.461
train07,M,webcam_c,240,120,0.824,0.883,90.461
train07,M,webcam_r,240,120,0.824,1.660,90.461
train07,GEN,basler,0,0,nan,3.352,nan
train07,GEN,webcam_l,0,0,nan,2.692,nan
train07,GEN,webcam_c,0,0,nan,2.740,nan
train07,GEN,webcam_r,0,0,nan,2.805,nan
train07,S_cross,webcam_l,0,0,nan,3.139,nan
train07,S_cross,webcam_c,0,0,nan,2.245,nan
train07,S_cross,webcam_r,0,0,nan,3.602,nan
train09,T,basler,60,60,0.349,0.455,89.083
train09,Tk,basler,30,30,0.265,0.461,89.137
train09,S,basler,60,30,0.227,0.439,89.195
train09,T,webcam_l,60,60,0.461,0.744,89.692
train09,Tk,webcam_l,30,30,0.371,0.615,90.075
train09,S,webcam_l,60,30,0.266,0.570,90.627
train09,T,webcam_c,60,60,0.470,0.601,89.657
train09,Tk,webcam_c,30,30,0.369,0.570,89.260
train09,S,webcam_c,60,30,0.281,0.532,89.091
train09,T,webcam_r,60,60,0.526,0.594,89.518
train09,Tk,webcam_r,30,30,0.411,0.559,89.513
train09,S,webcam_r,60,30,0.325,0.539,89.736
train09,S240,basler,231,115,0.239,0.423,89.228
train09,F,basler,240,0,nan,3.167,89.134
train09,F,webcam_l,240,0,nan,3.006,89.134
train09,F,webcam_c,240,0,nan,1.215,89.134
train09,F,webcam_r,240,0,nan,3.598,89.134
train09,M,basler,240,120,1.086,1.365,89.769
train09,M,webcam_l,240,120,1.086,2.667,89.769
train09,M,webcam_c,240,120,1.086,1.406,89.769
train09,M,webcam_r,240,120,1.086,3.324,89.769
train09,GEN,basler,0,0,nan,5.812,nan
train09,GEN,webcam_l,0,0,nan,5.196,nan
train09,GEN,webcam_c,0,0,nan,5.854,nan
train09,GEN,webcam_r,0,0,nan,5.750,nan
train09,S_cross,webcam_l,0,0,nan,4.786,nan
train09,S_cross,webcam_c,0,0,nan,3.273,nan
train09,S_cross,webcam_r,0,0,nan,5.544,nan
train03,T,basler,60,60,0.237,0.340,89.771
train03,Tk,basler,30,30,0.191,0.343,89.807
train03,S,basler,60,30,0.156,0.335,89.860
train03,T,webcam_l,60,60,0.235,0.360,90.486
train03,Tk,webcam_l,30,30,0.191,0.349,90.185
train03,S,webcam_l,60,30,0.164,0.345,90.340
train03,T,webcam_c,60,60,0.231,0.359,90.081
train03,Tk,webcam_c,30,30,0.179,0.341,90.043
train03,S,webcam_c,60,30,0.159,0.337,90.042
train03,T,webcam_r,60,60,0.348,0.473,89.086
train03,Tk,webcam_r,30,30,0.262,0.442,89.118
train03,S,webcam_r,60,30,0.240,0.424,89.183
train03,S240,basler,190,95,0.156,0.345,89.834
train03,F,basler,240,0,nan,1.878,90.092
train03,F,webcam_l,240,0,nan,1.156,90.092
train03,F,webcam_c,240,0,nan,0.631,90.092
train03,F,webcam_r,240,0,nan,1.831,90.092
train03,M,basler,240,120,0.564,1.675,89.865
train03,M,webcam_l,240,120,0.564,0.633,89.865
train03,M,webcam_c,240,120,0.564,0.844,89.865
train03,M,webcam_r,240,120,0.564,1.784,89.865
train03,GEN,basler,0,0,nan,3.338,nan
train03,GEN,webcam_l,0,0,nan,2.531,nan
train03,GEN,webcam_c,0,0,nan,2.571,nan
train03,GEN,webcam_r,0,0,nan,3.308,nan
train03,S_cross,webcam_l,0,0,nan,2.227,nan
train03,S_cross,webcam_c,0,0,nan,1.930,nan
train03,S_cross,webcam_r,0,0,nan,3.117,nan
train06,T,basler,60,60,1.157,1.214,89.224
train06,Tk,basler,30,30,0.880,0.860,89.203
train06,S,basler,60,30,0.361,0.607,89.571
train06,T,webcam_l,60,60,0.571,0.715,89.508
train06,Tk,webcam_l,30,30,0.480,0.701,89.507
train06,S,webcam_l,60,30,0.410,0.694,89.440
train06,T,webcam_c,60,60,0.450,0.630,89.428
train06,Tk,webcam_c,30,30,0.359,0.632,89.438
train06,S,webcam_c,60,30,0.302,0.640,89.545
train06,T,webcam_r,60,60,0.474,0.570,89.114
train06,Tk,webcam_r,30,30,0.414,0.565,89.110
train06,S,webcam_r,60,30,0.349,0.553,89.510
train06,S240,basler,228,114,0.400,0.608,89.962
train06,F,basler,240,0,nan,3.008,89.547
train06,F,webcam_l,240,0,nan,2.701,89.547
train06,F,webcam_c,240,0,nan,1.066,89.547
train06,F,webcam_r,240,0,nan,2.518,89.547
train06,M,basler,240,120,1.028,1.489,89.288
train06,M,webcam_l,240,120,1.028,1.696,89.288
train06,M,webcam_c,240,120,1.028,1.240,89.288
train06,M,webcam_r,240,120,1.028,2.030,89.288
train06,GEN,basler,0,0,nan,4.104,nan
train06,GEN,webcam_l,0,0,nan,5.017,nan
train06,GEN,webcam_c,0,0,nan,4.217,nan
train06,GEN,webcam_r,0,0,nan,4.993,nan
train06,S_cross,webcam_l,0,0,nan,4.240,nan
train06,S_cross,webcam_c,0,0,nan,3.022,nan
train06,S_cross,webcam_r,0,0,nan,4.072,nan
train10,T,basler,60,60,0.414,0.510,89.995
train10,Tk,basler,30,30,0.290,0.530,89.969
train10,S,basler,60,30,0.259,0.520,89.964
train10,T,webcam_l,60,60,0.378,0.522,90.378
train10,Tk,webcam_l,30,30,0.293,0.523,90.309
train10,S,webcam_l,60,30,0.260,0.516,90.642
train10,T,webcam_c,60,60,0.420,0.542,89.862
train10,Tk,webcam_c,30,30,0.294,0.531,90.012
train10,S,webcam_c,60,30,0.257,0.529,89.931
train10,T,webcam_r,60,60,0.472,0.605,89.472
train10,Tk,webcam_r,30,30,0.351,0.588,89.584
train10,S,webcam_r,60,30,0.296,0.587,89.596
train10,S240,basler,229,114,0.291,0.506,89.953
train10,F,basler,240,0,nan,2.646,89.956
train10,F,webcam_l,240,0,nan,1.807,89.956
train10,F,webcam_c,240,0,nan,0.971,89.956
train10,F,webcam_r,240,0,nan,2.726,89.956
train10,M,basler,240,120,1.054,2.032,89.821
train10,M,webcam_l,240,120,1.054,1.201,89.821
train10,M,webcam_c,240,120,1.054,1.587,89.821
train10,M,webcam_r,240,120,1.054,1.963,89.821
train10,GEN,basler,0,0,nan,3.360,nan
train10,GEN,webcam_l,0,0,nan,2.515,nan
train10,GEN,webcam_c,0,0,nan,3.073,nan
train10,GEN,webcam_r,0,0,nan,3.899,nan
train10,S_cross,webcam_l,0,0,nan,3.484,nan
train10,S_cross,webcam_c,0,0,nan,2.965,nan
train10,S_cross,webcam_r,0,0,nan,4.688,nan
train14,T,webcam_l,60,60,0.439,0.611,90.755
train14,Tk,webcam_l,30,30,0.322,0.588,90.653
train14,S,webcam_l,60,30,0.244,0.600,90.952
train14,T,webcam_c,60,60,0.491,0.704,90.770
train14,Tk,webcam_c,30,30,0.354,0.630,90.629
train14,S,webcam_c,60,30,0.304,0.581,90.632
train14,T,webcam_r,60,60,0.485,0.689,90.435
train14,Tk,webcam_r,30,30,0.343,0.675,90.440
train14,S,webcam_r,60,30,0.310,0.679,90.548
train14,F,basler,180,0,nan,4.821,90.667
train14,F,webcam_l,180,0,nan,2.566,90.667
train14,F,webcam_c,180,0,nan,1.419,90.667
train14,F,webcam_r,180,0,nan,3.033,90.667
train14,M,basler,240,120,1.299,2.144,91.179
train14,M,webcam_l,240,120,1.299,2.557,91.179
train14,M,webcam_c,240,120,1.299,1.197,91.179
train14,M,webcam_r,240,120,1.299,3.459,91.179
train14,GEN,basler,0,0,nan,3.595,nan
train14,GEN,webcam_l,0,0,nan,2.928,nan
train14,GEN,webcam_c,0,0,nan,2.973,nan
train14,GEN,webcam_r,0,0,nan,3.060,nan
train22,T,webcam_l,60,60,0.389,0.468,90.184
train22,Tk,webcam_l,30,30,0.291,0.472,89.876
train22,S,webcam_l,60,30,0.262,0.466,90.019
train22,T,webcam_c,60,60,0.401,0.537,89.845
train22,Tk,webcam_c,30,30,0.325,0.523,89.847
train22,S,webcam_c,60,30,0.276,0.526,89.870
train22,T,webcam_r,60,60,0.465,0.577,90.164
train22,Tk,webcam_r,30,30,0.355,0.601,90.171
train22,S,webcam_r,60,30,0.321,0.593,90.297
train22,F,basler,180,0,nan,4.158,89.891
train22,F,webcam_l,180,0,nan,2.258,89.891
train22,F,webcam_c,180,0,nan,0.744,89.891
train22,F,webcam_r,180,0,nan,2.095,89.891
train22,M,basler,240,120,0.721,4.081,90.151
train22,M,webcam_l,240,120,0.721,1.003,90.151
train22,M,webcam_c,240,120,0.721,0.807,90.151
train22,M,webcam_r,240,120,0.721,1.967,90.151
train22,GEN,basler,0,0,nan,3.457,nan
train22,GEN,webcam_l,0,0,nan,3.750,nan
train22,GEN,webcam_c,0,0,nan,3.908,nan
train22,GEN,webcam_r,0,0,nan,4.219,nan
train13,T,basler,60,60,0.440,0.616,89.968
train13,Tk,basler,30,30,0.351,0.615,89.960
train13,S,basler,60,30,0.298,0.576,90.038
train13,T,webcam_l,60,60,0.603,0.886,90.672
train13,Tk,webcam_l,30,30,0.431,0.878,90.496
train13,S,webcam_l,60,30,0.417,0.854,90.698
train13,T,webcam_c,60,60,0.547,0.817,89.925
train13,Tk,webcam_c,30,30,0.386,0.795,90.015
train13,S,webcam_c,60,30,0.331,0.754,90.134
train13,T,webcam_r,60,60,0.767,1.045,89.227
train13,Tk,webcam_r,30,30,0.575,0.963,89.639
train13,S,webcam_r,60,30,0.492,0.953,89.684
train13,S240,basler,227,113,0.301,0.565,89.847
train13,F,basler,240,0,nan,3.890,90.074
train13,F,webcam_l,240,0,nan,2.815,90.074
train13,F,webcam_c,240,0,nan,1.584,90.074
train13,F,webcam_r,240,0,nan,2.771,90.074
train13,M,basler,240,120,1.330,2.261,89.835
train13,M,webcam_l,240,120,1.330,1.369,89.835
train13,M,webcam_c,240,120,1.330,1.781,89.835
train13,M,webcam_r,240,120,1.330,2.133,89.835
train13,GEN,basler,0,0,nan,4.829,nan
train13,GEN,webcam_l,0,0,nan,4.850,nan
train13,GEN,webcam_c,0,0,nan,4.591,nan
train13,GEN,webcam_r,0,0,nan,4.903,nan
train13,S_cross,webcam_l,0,0,nan,3.860,nan
train13,S_cross,webcam_c,0,0,nan,3.085,nan
train13,S_cross,webcam_r,0,0,nan,4.460,nan
train23,T,webcam_l,60,60,0.498,0.647,89.176
train23,Tk,webcam_l,30,30,0.365,0.564,89.258
train23,S,webcam_l,60,30,0.272,0.555,89.282
train23,T,webcam_c,60,60,0.466,0.656,89.160
train23,Tk,webcam_c,30,30,0.381,0.542,89.175
train23,S,webcam_c,60,30,0.256,0.523,89.109
train23,T,webcam_r,60,60,0.532,0.750,89.971
train23,Tk,webcam_r,30,30,0.417,0.662,89.669
train23,S,webcam_r,60,30,0.351,0.658,89.873
train23,F,basler,180,0,nan,4.605,89.331
train23,F,webcam_l,180,0,nan,1.864,89.331
train23,F,webcam_c,180,0,nan,1.103,89.331
train23,F,webcam_r,180,0,nan,2.187,89.331
train23,M,basler,240,120,0.905,5.203,89.864
train23,M,webcam_l,240,120,0.905,1.363,89.864
train23,M,webcam_c,240,120,0.905,0.755,89.864
train23,M,webcam_r,240,120,0.905,2.427,89.864
train23,GEN,basler,0,0,nan,3.997,nan
train23,GEN,webcam_l,0,0,nan,4.794,nan
train23,GEN,webcam_c,0,0,nan,4.045,nan
train23,GEN,webcam_r,0,0,nan,4.708,nan
train15,T,basler,60,60,0.396,0.536,89.817
train15,Tk,basler,30,30,0.313,0.551,89.805
train15,S,basler,60,30,0.296,0.552,89.838
train15,T,webcam_l,60,60,0.449,0.560,90.313
train15,Tk,webcam_l,30,30,0.347,0.564,90.173
train15,S,webcam_l,60,30,0.296,0.536,90.670
train15,T,webcam_c,60,60,0.423,0.533,89.359
train15,Tk,webcam_c,30,30,0.342,0.534,89.577
train15,S,webcam_c,60,30,0.250,0.533,89.736
train15,T,webcam_r,60,60,0.470,0.602,90.186
train15,Tk,webcam_r,30,30,0.339,0.562,89.716
train15,S,webcam_r,60,30,0.276,0.563,90.123
train15,S240,basler,228,114,0.286,0.479,89.778
train15,F,basler,240,0,nan,2.980,90.071
train15,F,webcam_l,240,0,nan,1.930,90.071
train15,F,webcam_c,240,0,nan,0.984,90.071
train15,F,webcam_r,240,0,nan,2.352,90.071
train15,M,basler,240,120,0.801,2.986,89.922
train15,M,webcam_l,240,120,0.801,1.066,89.922
train15,M,webcam_c,240,120,0.801,0.972,89.922
train15,M,webcam_r,240,120,0.801,1.838,89.922
train15,GEN,basler,0,0,nan,3.313,nan
train15,GEN,webcam_l,0,0,nan,3.626,nan
train15,GEN,webcam_c,0,0,nan,3.805,nan
train15,GEN,webcam_r,0,0,nan,4.439,nan
train15,S_cross,webcam_l,0,0,nan,3.953,nan
train15,S_cross,webcam_c,0,0,nan,2.781,nan
train15,S_cross,webcam_r,0,0,nan,4.549,nan
train17,T,basler,60,60,0.687,0.897,90.452
train17,Tk,basler,30,30,0.585,0.862,90.494
train17,S,basler,60,30,0.513,0.856,90.533
train17,T,webcam_l,60,60,0.674,0.850,90.692
train17,Tk,webcam_l,30,30,0.548,0.862,90.819
train17,S,webcam_l,60,30,0.522,0.867,90.787
train17,T,webcam_c,60,60,0.909,1.023,89.847
train17,Tk,webcam_c,30,30,0.691,0.980,90.220
train17,S,webcam_c,60,30,0.558,0.933,90.139
train17,T,webcam_r,60,60,0.771,0.930,89.895
train17,Tk,webcam_r,30,30,0.611,0.905,89.691
train17,S,webcam_r,60,30,0.485,0.900,89.362
train17,S240,basler,215,107,0.466,0.831,90.584
train17,F,basler,240,0,nan,2.732,90.363
train17,F,webcam_l,240,0,nan,2.252,90.363
train17,F,webcam_c,240,0,nan,1.550,90.363
train17,F,webcam_r,240,0,nan,3.712,90.363
train17,M,basler,240,120,1.419,2.642,90.517
train17,M,webcam_l,240,120,1.419,1.951,90.517
train17,M,webcam_c,240,120,1.419,1.706,90.517
train17,M,webcam_r,240,120,1.419,2.390,90.517
train17,GEN,basler,0,0,nan,2.381,nan
train17,GEN,webcam_l,0,0,nan,3.199,nan
train17,GEN,webcam_c,0,0,nan,3.223,nan
train17,GEN,webcam_r,0,0,nan,5.468,nan
train17,S_cross,webcam_l,0,0,nan,3.882,nan
train17,S_cross,webcam_c,0,0,nan,3.038,nan
train17,S_cross,webcam_r,0,0,nan,5.466,nan
train16,T,basler,60,60,0.514,0.752,89.328
train16,Tk,basler,30,30,0.371,0.772,89.285
train16,S,basler,60,30,0.348,0.700,89.302
train16,T,webcam_l,60,60,0.635,0.843,90.615
train16,Tk,webcam_l,30,30,0.427,0.827,90.562
train16,S,webcam_l,60,30,0.378,0.835,90.674
train16,T,webcam_c,60,60,0.647,0.778,89.938
train16,Tk,webcam_c,30,30,0.490,0.764,90.080
train16,S,webcam_c,60,30,0.375,0.750,90.203
train16,T,webcam_r,60,60,0.537,0.730,89.633
train16,Tk,webcam_r,30,30,0.413,0.728,89.744
train16,S,webcam_r,60,30,0.363,0.716,89.769
train16,S240,basler,228,114,0.352,0.707,89.294
train16,F,basler,240,0,nan,3.314,89.754
train16,F,webcam_l,240,0,nan,3.056,89.754
train16,F,webcam_c,240,0,nan,1.193,89.754
train16,F,webcam_r,240,0,nan,2.893,89.754
train16,M,basler,240,120,0.993,5.222,89.775
train16,M,webcam_l,240,120,0.993,1.528,89.775
train16,M,webcam_c,240,120,0.993,1.066,89.775
train16,M,webcam_r,240,120,0.993,2.311,89.775
train16,GEN,basler,0,0,nan,3.494,nan
train16,GEN,webcam_l,0,0,nan,3.994,nan
train16,GEN,webcam_c,0,0,nan,3.116,nan
train16,GEN,webcam_r,0,0,nan,4.529,nan
train16,S_cross,webcam_l,0,0,nan,6.302,nan
train16,S_cross,webcam_c,0,0,nan,5.149,nan
train16,S_cross,webcam_r,0,0,nan,6.596,nan
train20,T,basler,60,60,0.454,0.633,90.423
train20,Tk,basler,30,30,0.371,0.647,90.549
train20,S,basler,60,30,0.291,0.521,90.431
train20,T,webcam_l,60,60,0.584,0.770,91.013
train20,Tk,webcam_l,30,30,0.469,0.679,90.864
train20,S,webcam_l,60,30,0.367,0.696,90.930
train20,T,webcam_c,60,60,0.642,0.823,90.880
train20,Tk,webcam_c,30,30,0.478,0.817,90.949
train20,S,webcam_c,60,30,0.348,0.691,91.005
train20,T,webcam_r,60,60,0.732,0.942,90.147
train20,Tk,webcam_r,30,30,0.573,0.884,90.061
train20,S,webcam_r,60,30,0.458,0.882,90.028
train20,S240,basler,229,114,0.301,0.515,90.375
train20,F,basler,240,0,nan,5.160,90.735
train20,F,webcam_l,240,0,nan,3.810,90.735
train20,F,webcam_c,240,0,nan,1.375,90.735
train20,F,webcam_r,240,0,nan,5.161,90.735
train20,M,basler,240,120,2.064,1.839,91.394
train20,M,webcam_l,240,120,2.064,4.435,91.394
train20,M,webcam_c,240,120,2.064,2.865,91.394
train20,M,webcam_r,240,120,2.064,4.781,91.394
train20,GEN,basler,0,0,nan,3.381,nan
train20,GEN,webcam_l,0,0,nan,4.368,nan
train20,GEN,webcam_c,0,0,nan,4.006,nan
train20,GEN,webcam_r,0,0,nan,4.832,nan
train20,S_cross,webcam_l,0,0,nan,5.011,nan
train20,S_cross,webcam_c,0,0,nan,4.053,nan
train20,S_cross,webcam_r,0,0,nan,6.821,nan
train18,T,basler,60,60,0.414,0.587,89.517
train18,Tk,basler,30,30,0.323,0.562,89.532
train18,S,basler,60,30,0.306,0.570,89.512
train18,T,webcam_l,60,60,0.447,0.589,89.657
train18,Tk,webcam_l,30,30,0.340,0.619,89.254
train18,S,webcam_l,60,30,0.302,0.619,89.347
train18,T,webcam_c,60,60,0.453,0.626,89.007
train18,Tk,webcam_c,30,30,0.350,0.634,89.210
train18,S,webcam_c,60,30,0.301,0.630,89.437
train18,T,webcam_r,60,60,0.376,0.546,89.260
train18,Tk,webcam_r,30,30,0.308,0.541,89.200
train18,S,webcam_r,60,30,0.286,0.545,89.211
train18,S240,basler,229,114,0.324,0.562,89.511
train18,F,basler,240,0,nan,2.808,89.460
train18,F,webcam_l,240,0,nan,2.251,89.460
train18,F,webcam_c,240,0,nan,1.000,89.460
train18,F,webcam_r,240,0,nan,2.409,89.460
train18,M,basler,240,120,0.739,4.005,89.040
train18,M,webcam_l,240,120,0.739,1.071,89.040
train18,M,webcam_c,240,120,0.739,0.908,89.040
train18,M,webcam_r,240,120,0.739,2.166,89.040
train18,GEN,basler,0,0,nan,3.893,nan
train18,GEN,webcam_l,0,0,nan,5.460,nan
train18,GEN,webcam_c,0,0,nan,4.494,nan
train18,GEN,webcam_r,0,0,nan,5.013,nan
train18,S_cross,webcam_l,0,0,nan,4.289,nan
train18,S_cross,webcam_c,0,0,nan,2.753,nan
train18,S_cross,webcam_r,0,0,nan,4.210,nan
train19,T,basler,60,60,0.553,0.824,89.627
train19,Tk,basler,30,30,0.411,0.867,89.712
train19,S,basler,60,30,0.386,0.829,89.521
train19,T,webcam_l,60,60,0.647,0.855,90.200
train19,Tk,webcam_l,30,30,0.499,0.940,90.202
train19,S,webcam_l,60,30,0.434,0.949,90.397
train19,T,webcam_c,60,60,0.639,0.870,90.083
train19,Tk,webcam_c,30,30,0.482,0.843,90.064
train19,S,webcam_c,60,30,0.423,0.814,89.787
train19,T,webcam_r,60,60,0.741,1.079,89.122
train19,Tk,webcam_r,30,30,0.523,1.018,89.248
train19,S,webcam_r,60,30,0.494,1.016,89.157
train19,S240,basler,227,113,0.436,0.771,89.627
train19,F,basler,240,0,nan,4.513,89.664
train19,F,webcam_l,240,0,nan,2.112,89.664
train19,F,webcam_c,240,0,nan,1.266,89.664
train19,F,webcam_r,240,0,nan,3.082,89.664
train19,M,basler,240,120,1.294,2.945,90.170
train19,M,webcam_l,240,120,1.294,1.372,90.170
train19,M,webcam_c,240,120,1.294,1.958,90.170
train19,M,webcam_r,240,120,1.294,2.912,90.170
train19,GEN,basler,0,0,nan,4.369,nan
train19,GEN,webcam_l,0,0,nan,4.247,nan
train19,GEN,webcam_c,0,0,nan,3.852,nan
train19,GEN,webcam_r,0,0,nan,5.052,nan
train19,S_cross,webcam_l,0,0,nan,4.073,nan
train19,S_cross,webcam_c,0,0,nan,3.262,nan
train19,S_cross,webcam_r,0,0,nan,5.491,nan
train21,T,basler,60,60,0.396,0.514,89.767
train21,Tk,basler,30,30,0.277,0.487,89.760
train21,S,basler,60,30,0.248,0.469,89.751
train21,T,webcam_l,60,60,0.376,0.482,90.126
train21,Tk,webcam_l,30,30,0.280,0.471,90.057
train21,S,webcam_l,60,30,0.249,0.457,90.298
train21,T,webcam_c,60,60,0.371,0.470,89.627
train21,Tk,webcam_c,30,30,0.244,0.466,89.572
train21,S,webcam_c,60,30,0.219,0.461,89.548
train21,T,webcam_r,60,60,0.355,0.482,89.433
train21,Tk,webcam_r,30,30,0.276,0.473,89.494
train21,S,webcam_r,60,30,0.258,0.479,89.497
train21,S240,basler,229,114,0.263,0.476,89.766
train21,F,basler,240,0,nan,2.733,89.782
train21,F,webcam_l,240,0,nan,1.270,89.782
train21,F,webcam_c,240,0,nan,0.794,89.782
train21,F,webcam_r,240,0,nan,1.826,89.782
train21,M,basler,240,120,0.610,2.879,89.912
train21,M,webcam_l,240,120,0.610,0.960,89.912
train21,M,webcam_c,240,120,0.610,0.684,89.912
train21,M,webcam_r,240,120,0.610,1.445,89.912
train21,GEN,basler,0,0,nan,3.213,nan
train21,GEN,webcam_l,0,0,nan,3.371,nan
train21,GEN,webcam_c,0,0,nan,3.134,nan
train21,GEN,webcam_r,0,0,nan,3.852,nan
train21,S_cross,webcam_l,0,0,nan,3.219,nan
train21,S_cross,webcam_c,0,0,nan,2.904,nan
train21,S_cross,webcam_r,0,0,nan,3.786,nan
train25,T,basler,60,60,0.699,0.895,89.809
train25,Tk,basler,30,30,0.541,0.959,89.947
train25,S,basler,60,30,0.415,0.963,89.909
train25,T,webcam_l,60,60,0.617,0.981,89.609
train25,Tk,webcam_l,30,30,0.516,1.009,90.310
train25,S,webcam_l,60,30,0.481,1.017,90.085
train25,T,webcam_c,60,60,0.833,1.132,88.223
train25,Tk,webcam_c,30,30,0.648,1.182,89.410
train25,S,webcam_c,60,30,0.532,1.168,88.982
train25,T,webcam_r,60,60,0.924,1.138,89.942
train25,Tk,webcam_r,30,30,0.704,1.065,90.121
train25,S,webcam_r,60,30,0.553,1.019,90.052
train25,S240,basler,230,115,0.438,0.898,89.910
train25,F,basler,240,0,nan,3.458,89.926
train25,F,webcam_l,240,0,nan,2.372,89.926
train25,F,webcam_c,240,0,nan,4.183,89.926
train25,F,webcam_r,240,0,nan,4.357,89.926
train25,M,basler,240,120,1.466,3.313,89.253
train25,M,webcam_l,240,120,1.466,2.107,89.253
train25,M,webcam_c,240,120,1.466,3.506,89.253
train25,M,webcam_r,240,120,1.466,1.702,89.253
train25,GEN,basler,0,0,nan,4.695,nan
train25,GEN,webcam_l,0,0,nan,6.320,nan
train25,GEN,webcam_c,0,0,nan,7.455,nan
train25,GEN,webcam_r,0,0,nan,7.024,nan
train25,S_cross,webcam_l,0,0,nan,4.458,nan
train25,S_cross,webcam_c,0,0,nan,5.054,nan
train25,S_cross,webcam_r,0,0,nan,5.062,nan
train24,T,basler,60,60,0.451,0.577,90.193
train24,Tk,basler,30,30,0.340,0.527,90.252
train24,S,basler,60,30,0.248,0.484,90.272
train24,T,webcam_l,60,60,0.551,0.668,90.668
train24,Tk,webcam_l,30,30,0.431,0.568,90.744
train24,S,webcam_l,60,30,0.338,0.587,90.986
train24,T,webcam_c,60,60,0.526,0.605,90.485
train24,Tk,webcam_c,30,30,0.416,0.393,90.373
train24,S,webcam_c,60,30,0.231,0.378,90.475
train24,T,webcam_r,60,60,0.540,0.692,89.915
train24,Tk,webcam_r,30,30,0.421,0.611,90.074
train24,S,webcam_r,60,30,0.308,0.594,90.303
train24,S240,basler,229,114,0.273,0.486,90.122
train24,F,basler,240,0,nan,3.719,90.365
train24,F,webcam_l,240,0,nan,2.654,90.365
train24,F,webcam_c,240,0,nan,1.235,90.365
train24,F,webcam_r,240,0,nan,2.561,90.365
train24,M,basler,240,120,1.365,2.032,90.089
train24,M,webcam_l,240,120,1.365,2.171,90.089
train24,M,webcam_c,240,120,1.365,1.636,90.089
train24,M,webcam_r,240,120,1.365,2.346,90.089
train24,GEN,basler,0,0,nan,2.741,nan
train24,GEN,webcam_l,0,0,nan,3.948,nan
train24,GEN,webcam_c,0,0,nan,2.835,nan
train24,GEN,webcam_r,0,0,nan,3.073,nan
train24,S_cross,webcam_l,0,0,nan,5.174,nan
train24,S_cross,webcam_c,0,0,nan,3.583,nan
train24,S_cross,webcam_r,0,0,nan,5.144,nan
train26,T,basler,60,60,0.560,0.863,90.273
train26,Tk,basler,30,30,0.488,0.852,90.360
train26,S,basler,60,30,0.434,0.837,90.360
train26,T,webcam_l,60,60,0.569,0.857,90.447
train26,Tk,webcam_l,30,30,0.448,0.859,90.517
train26,S,webcam_l,60,30,0.356,0.841,90.560
train26,T,webcam_c,60,60,0.700,0.986,88.860
train26,Tk,webcam_c,30,30,0.514,0.979,89.043
train26,S,webcam_c,60,30,0.499,0.996,89.009
train26,T,webcam_r,60,60,0.584,0.780,89.496
train26,Tk,webcam_r,30,30,0.432,0.732,89.384
train26,S,webcam_r,60,30,0.379,0.738,89.804
train26,S240,basler,230,115,0.416,0.854,90.400
train26,F,basler,240,0,nan,2.422,90.300
train26,F,webcam_l,240,0,nan,1.562,90.300
train26,F,webcam_c,240,0,nan,2.628,90.300
train26,F,webcam_r,240,0,nan,2.821,90.300
train26,M,basler,240,120,0.996,3.547,89.727
train26,M,webcam_l,240,120,0.996,1.585,89.727
train26,M,webcam_c,240,120,0.996,2.120,89.727
train26,M,webcam_r,240,120,0.996,1.027,89.727
train26,GEN,basler,0,0,nan,2.741,nan
train26,GEN,webcam_l,0,0,nan,4.048,nan
train26,GEN,webcam_c,0,0,nan,5.342,nan
train26,GEN,webcam_r,0,0,nan,5.524,nan
train26,S_cross,webcam_l,0,0,nan,3.432,nan
train26,S_cross,webcam_c,0,0,nan,3.828,nan
train26,S_cross,webcam_r,0,0,nan,4.440,nan
train29,T,basler,60,60,0.714,0.883,89.635
train29,Tk,basler,30,30,0.545,0.844,89.624
train29,S,basler,60,30,0.419,0.787,89.616
train29,T,webcam_l,60,60,0.606,0.849,89.697
train29,Tk,webcam_l,30,30,0.473,0.838,89.988
train29,S,webcam_l,60,30,0.402,0.790,90.225
train29,T,webcam_c,60,60,0.676,0.784,89.023
train29,Tk,webcam_c,30,30,0.490,0.814,89.305
train29,S,webcam_c,60,30,0.404,0.798,89.278
train29,T,webcam_r,60,60,0.860,0.932,89.406
train29,Tk,webcam_r,30,30,0.572,0.837,89.063
train29,S,webcam_r,60,30,0.525,0.822,89.226
train29,S240,basler,226,113,0.396,0.853,89.645
train29,F,basler,240,0,nan,3.846,89.459
train29,F,webcam_l,240,0,nan,2.423,89.459
train29,F,webcam_c,240,0,nan,1.157,89.459
train29,F,webcam_r,240,0,nan,2.919,89.459
train29,M,basler,240,120,1.045,5.397,89.663
train29,M,webcam_l,240,120,1.045,1.827,89.663
train29,M,webcam_c,240,120,1.045,1.105,89.663
train29,M,webcam_r,240,120,1.045,2.796,89.663
train29,GEN,basler,0,0,nan,3.892,nan
train29,GEN,webcam_l,0,0,nan,5.389,nan
train29,GEN,webcam_c,0,0,nan,4.369,nan
train29,GEN,webcam_r,0,0,nan,5.991,nan
train29,S_cross,webcam_l,0,0,nan,5.713,nan
train29,S_cross,webcam_c,0,0,nan,4.847,nan
train29,S_cross,webcam_r,0,0,nan,7.192,nan
train27,T,basler,60,60,0.392,0.529,89.566
train27,Tk,basler,30,30,0.293,0.514,89.671
train27,S,basler,60,30,0.260,0.514,89.586
train27,T,webcam_l,60,60,0.431,0.560,90.286
train27,Tk,webcam_l,30,30,0.270,0.569,90.302
train27,S,webcam_l,60,30,0.249,0.570,90.195
train27,T,webcam_c,60,60,0.411,0.528,89.828
train27,Tk,webcam_c,30,30,0.281,0.490,89.832
train27,S,webcam_c,60,30,0.220,0.491,89.759
train27,T,webcam_r,60,60,0.508,0.632,89.741
train27,Tk,webcam_r,30,30,0.346,0.613,89.646
train27,S,webcam_r,60,30,0.303,0.609,89.582
train27,S240,basler,228,114,0.251,0.520,89.613
train27,F,basler,240,0,nan,3.409,89.656
train27,F,webcam_l,240,0,nan,2.239,89.656
train27,F,webcam_c,240,0,nan,1.278,89.656
train27,F,webcam_r,240,0,nan,2.227,89.656
train27,M,basler,240,120,1.059,1.770,89.817
train27,M,webcam_l,240,120,1.059,1.025,89.817
train27,M,webcam_c,240,120,1.059,1.616,89.817
train27,M,webcam_r,240,120,1.059,1.794,89.817
train27,GEN,basler,0,0,nan,3.971,nan
train27,GEN,webcam_l,0,0,nan,3.425,nan
train27,GEN,webcam_c,0,0,nan,3.309,nan
train27,GEN,webcam_r,0,0,nan,4.011,nan
train27,S_cross,webcam_l,0,0,nan,2.487,nan
train27,S_cross,webcam_c,0,0,nan,2.289,nan
train27,S_cross,webcam_r,0,0,nan,3.196,nan
train28,T,basler,60,60,0.713,0.935,89.801
train28,Tk,basler,30,30,0.546,0.904,89.911
train28,S,basler,60,30,0.440,0.839,89.958
train28,T,webcam_l,60,60,0.811,1.062,90.441
train28,Tk,webcam_l,30,30,0.631,1.179,90.348
train28,S,webcam_l,60,30,0.504,1.089,90.519
train28,T,webcam_c,60,60,0.868,1.132,90.071
train28,Tk,webcam_c,30,30,0.575,1.214,90.202
train28,S,webcam_c,60,30,0.457,0.902,90.160
train28,T,webcam_r,60,60,0.874,1.049,89.478
train28,Tk,webcam_r,30,30,0.657,1.005,89.544
train28,S,webcam_r,60,30,0.500,0.982,89.651
train28,S240,basler,230,115,0.485,0.825,89.877
train28,F,basler,240,0,nan,3.335,90.067
train28,F,webcam_l,240,0,nan,2.243,90.067
train28,F,webcam_c,240,0,nan,1.262,90.067
train28,F,webcam_r,240,0,nan,3.206,90.067
train28,M,basler,240,120,1.546,2.682,90.530
train28,M,webcam_l,240,120,1.546,2.546,90.530
train28,M,webcam_c,240,120,1.546,1.973,90.530
train28,M,webcam_r,240,120,1.546,2.604,90.530
train28,GEN,basler,0,0,nan,3.167,nan
train28,GEN,webcam_l,0,0,nan,3.651,nan
train28,GEN,webcam_c,0,0,nan,2.799,nan
train28,GEN,webcam_r,0,0,nan,4.014,nan
train28,S_cross,webcam_l,0,0,nan,3.972,nan
train28,S_cross,webcam_c,0,0,nan,3.072,nan
train28,S_cross,webcam_r,0,0,nan,5.235,nan
train33,T,basler,60,60,0.481,0.623,90.302
train33,Tk,basler,30,30,0.358,0.638,90.387
train33,S,basler,60,30,0.297,0.583,90.309
train33,T,webcam_l,60,60,0.456,0.560,91.068
train33,Tk,webcam_l,30,30,0.308,0.554,90.956
train33,S,webcam_l,60,30,0.252,0.553,90.829
train33,T,webcam_c,60,60,0.519,0.617,90.601
train33,Tk,webcam_c,30,30,0.341,0.595,90.614
train33,S,webcam_c,60,30,0.255,0.565,90.221
train33,T,webcam_r,60,60,0.516,0.704,90.107
train33,Tk,webcam_r,30,30,0.374,0.721,90.175
train33,S,webcam_r,60,30,0.306,0.717,90.215
train33,S240,basler,227,113,0.311,0.578,90.369
train33,F,basler,240,0,nan,3.091,90.270
train33,F,webcam_l,240,0,nan,2.167,90.270
train33,F,webcam_c,240,0,nan,1.152,90.270
train33,F,webcam_r,240,0,nan,2.251,90.270
train33,M,basler,240,120,1.056,1.704,90.216
train33,M,webcam_l,240,120,1.056,1.699,90.216
train33,M,webcam_c,240,120,1.056,1.217,90.216
train33,M,webcam_r,240,120,1.056,2.255,90.216
train33,GEN,basler,0,0,nan,2.369,nan
train33,GEN,webcam_l,0,0,nan,2.947,nan
train33,GEN,webcam_c,0,0,nan,2.475,nan
train33,GEN,webcam_r,0,0,nan,2.961,nan
train33,S_cross,webcam_l,0,0,nan,3.180,nan
train33,S_cross,webcam_c,0,0,nan,2.371,nan
train33,S_cross,webcam_r,0,0,nan,3.392,nan
train36,T,basler,60,60,0.431,0.546,90.019
train36,Tk,basler,30,30,0.321,0.521,90.011
train36,S,basler,60,30,0.290,0.514,89.989
train36,T,webcam_l,60,60,0.450,0.614,90.354
train36,Tk,webcam_l,30,30,0.353,0.602,90.329
train36,S,webcam_l,60,30,0.283,0.602,90.545
train36,T,webcam_c,60,60,0.423,0.547,89.013
train36,Tk,webcam_c,30,30,0.321,0.520,88.953
train36,S,webcam_c,60,30,0.301,0.517,89.051
train36,T,webcam_r,60,60,0.434,0.620,90.342
train36,Tk,webcam_r,30,30,0.318,0.628,90.311
train36,S,webcam_r,60,30,0.302,0.628,90.432
train36,S240,basler,229,114,0.281,0.493,89.960
train36,F,basler,240,0,nan,2.443,89.983
train36,F,webcam_l,240,0,nan,1.716,89.983
train36,F,webcam_c,240,0,nan,1.208,89.983
train36,F,webcam_r,240,0,nan,2.051,89.983
train36,M,basler,240,120,0.752,2.989,89.657
train36,M,webcam_l,240,120,0.752,0.957,89.657
train36,M,webcam_c,240,120,0.752,0.942,89.657
train36,M,webcam_r,240,120,0.752,1.619,89.657
train36,GEN,basler,0,0,nan,3.622,nan
train36,GEN,webcam_l,0,0,nan,4.275,nan
train36,GEN,webcam_c,0,0,nan,4.188,nan
train36,GEN,webcam_r,0,0,nan,4.857,nan
train36,S_cross,webcam_l,0,0,nan,3.571,nan
train36,S_cross,webcam_c,0,0,nan,2.641,nan
train36,S_cross,webcam_r,0,0,nan,4.077,nan
train30,T,basler,60,60,0.381,0.600,89.823
train30,Tk,basler,30,30,0.286,0.555,89.857
train30,S,basler,60,30,0.249,0.559,89.776
train30,T,webcam_l,60,60,0.427,0.725,89.980
train30,Tk,webcam_l,30,30,0.343,0.729,90.017
train30,S,webcam_l,60,30,0.316,0.722,90.019
train30,T,webcam_c,60,60,0.605,0.768,89.522
train30,Tk,webcam_c,30,30,0.354,0.760,89.556
train30,S,webcam_c,60,30,0.308,0.753,89.595
train30,T,webcam_r,60,60,0.597,0.810,88.959
train30,Tk,webcam_r,30,30,0.388,0.801,89.374
train30,S,webcam_r,60,30,0.352,0.792,89.146
train30,S240,basler,226,113,0.258,0.528,89.934
train30,F,basler,240,0,nan,3.445,89.650
train30,F,webcam_l,240,0,nan,2.620,89.650
train30,F,webcam_c,240,0,nan,1.376,89.650
train30,F,webcam_r,240,0,nan,3.512,89.650
train30,M,basler,240,120,1.277,2.853,89.428
train30,M,webcam_l,240,120,1.277,1.179,89.428
train30,M,webcam_c,240,120,1.277,1.904,89.428
train30,M,webcam_r,240,120,1.277,2.152,89.428
train30,GEN,basler,0,0,nan,3.400,nan
train30,GEN,webcam_l,0,0,nan,4.503,nan
train30,GEN,webcam_c,0,0,nan,3.637,nan
train30,GEN,webcam_r,0,0,nan,6.671,nan
train30,S_cross,webcam_l,0,0,nan,4.126,nan
train30,S_cross,webcam_c,0,0,nan,3.229,nan
train30,S_cross,webcam_r,0,0,nan,5.758,nan
train34,T,basler,60,60,0.367,0.508,89.301
train34,Tk,basler,30,30,0.277,0.506,89.261
train34,S,basler,60,30,0.275,0.485,89.421
train34,T,webcam_l,60,60,0.397,0.589,90.088
train34,Tk,webcam_l,30,30,0.287,0.623,90.002
train34,S,webcam_l,60,30,0.241,0.623,90.287
train34,T,webcam_c,60,60,0.368,0.500,89.741
train34,Tk,webcam_c,30,30,0.280,0.494,89.771
train34,S,webcam_c,60,30,0.222,0.480,89.591
train34,T,webcam_r,60,60,0.357,0.527,89.692
train34,Tk,webcam_r,30,30,0.292,0.544,89.818
train34,S,webcam_r,60,30,0.251,0.544,90.264
train34,S240,basler,228,114,0.274,0.489,89.358
train34,F,basler,240,0,nan,3.663,89.570
train34,F,webcam_l,240,0,nan,2.285,89.570
train34,F,webcam_c,240,0,nan,1.123,89.570
train34,F,webcam_r,240,0,nan,2.677,89.570
train34,M,basler,240,120,1.038,2.182,90.179
train34,M,webcam_l,240,120,1.038,1.632,90.179
train34,M,webcam_c,240,120,1.038,0.966,90.179
train34,M,webcam_r,240,120,1.038,2.610,90.179
train34,GEN,basler,0,0,nan,4.313,nan
train34,GEN,webcam_l,0,0,nan,3.702,nan
train34,GEN,webcam_c,0,0,nan,3.863,nan
train34,GEN,webcam_r,0,0,nan,3.901,nan
train34,S_cross,webcam_l,0,0,nan,3.287,nan
train34,S_cross,webcam_c,0,0,nan,2.256,nan
train34,S_cross,webcam_r,0,0,nan,3.517,nan
train35,T,basler,60,60,0.452,0.663,89.381
train35,Tk,basler,30,30,0.367,0.650,89.344
train35,S,basler,60,30,0.295,0.642,89.335
train35,T,webcam_l,60,60,0.529,0.667,90.387
train35,Tk,webcam_l,30,30,0.415,0.698,90.208
train35,S,webcam_l,60,30,0.322,0.686,90.598
train35,T,webcam_c,60,60,0.547,0.725,90.113
train35,Tk,webcam_c,30,30,0.395,0.618,89.749
train35,S,webcam_c,60,30,0.294,0.623,89.612
train35,T,webcam_r,60,60,0.789,1.087,89.303
train35,Tk,webcam_r,30,30,0.563,1.128,89.328
train35,S,webcam_r,60,30,0.500,1.126,89.371
train35,S240,basler,227,113,0.316,0.615,89.390
train35,F,basler,240,0,nan,3.657,89.486
train35,F,webcam_l,240,0,nan,2.956,89.486
train35,F,webcam_c,240,0,nan,1.426,89.486
train35,F,webcam_r,240,0,nan,3.321,89.486
train35,M,basler,240,120,1.402,2.344,90.155
train35,M,webcam_l,240,120,1.402,2.305,90.155
train35,M,webcam_c,240,120,1.402,1.672,90.155
train35,M,webcam_r,240,120,1.402,2.731,90.155
train35,GEN,basler,0,0,nan,4.202,nan
train35,GEN,webcam_l,0,0,nan,4.047,nan
train35,GEN,webcam_c,0,0,nan,4.356,nan
train35,GEN,webcam_r,0,0,nan,5.304,nan
train35,S_cross,webcam_l,0,0,nan,3.358,nan
train35,S_cross,webcam_c,0,0,nan,3.294,nan
train35,S_cross,webcam_r,0,0,nan,4.106,nan
train31,T,basler,60,60,0.460,0.631,89.548
train31,Tk,basler,30,30,0.375,0.590,89.495
train31,S,basler,60,30,0.310,0.599,89.604
train31,T,webcam_l,60,60,0.456,0.624,90.068
train31,Tk,webcam_l,30,30,0.355,0.611,89.989
train31,S,webcam_l,60,30,0.305,0.613,90.045
train31,T,webcam_c,60,60,0.628,0.690,87.440
train31,Tk,webcam_c,30,30,0.451,0.709,87.698
train31,S,webcam_c,60,30,0.402,0.671,87.605
train31,T,webcam_r,60,60,0.455,0.721,89.845
train31,Tk,webcam_r,30,30,0.352,0.724,89.553
train31,S,webcam_r,60,30,0.309,0.704,89.247
train31,S240,basler,229,114,0.321,0.581,89.507
train31,F,basler,240,0,nan,3.941,89.308
train31,F,webcam_l,240,0,nan,2.248,89.308
train31,F,webcam_c,240,0,nan,1.965,89.308
train31,F,webcam_r,240,0,nan,2.768,89.308
train31,M,basler,240,120,1.095,3.881,89.044
train31,M,webcam_l,240,120,1.095,1.250,89.044
train31,M,webcam_c,240,120,1.095,1.844,89.044
train31,M,webcam_r,240,120,1.095,2.060,89.044
train31,GEN,basler,0,0,nan,3.924,nan
train31,GEN,webcam_l,0,0,nan,4.546,nan
train31,GEN,webcam_c,0,0,nan,5.098,nan
train31,GEN,webcam_r,0,0,nan,6.083,nan
train31,S_cross,webcam_l,0,0,nan,4.109,nan
train31,S_cross,webcam_c,0,0,nan,3.142,nan
train31,S_cross,webcam_r,0,0,nan,5.416,nan
train32,T,basler,60,60,0.529,0.714,89.370
train32,Tk,basler,30,30,0.423,0.733,89.312
train32,S,basler,60,30,0.380,0.667,89.227
train32,T,webcam_l,60,60,0.698,0.852,89.562
train32,Tk,webcam_l,30,30,0.555,0.865,89.041
train32,S,webcam_l,60,30,0.475,0.852,88.964
train32,T,webcam_c,60,60,0.708,0.790,89.151
train32,Tk,webcam_c,30,30,0.494,0.840,89.137
train32,S,webcam_c,60,30,0.424,0.828,89.066
train32,T,webcam_r,60,60,0.574,0.689,89.528
train32,Tk,webcam_r,30,30,0.450,0.718,89.751
train32,S,webcam_r,60,30,0.388,0.720,89.721
train32,S240,basler,230,115,0.333,0.715,89.313
train32,F,basler,240,0,nan,3.206,89.361
train32,F,webcam_l,240,0,nan,2.219,89.361
train32,F,webcam_c,240,0,nan,1.241,89.361
train32,F,webcam_r,240,0,nan,2.485,89.361
train32,M,basler,240,120,1.237,2.316,89.291
train32,M,webcam_l,240,120,1.237,2.033,89.291
train32,M,webcam_c,240,120,1.237,1.283,89.291
train32,M,webcam_r,240,120,1.237,2.122,89.291
train32,GEN,basler,0,0,nan,4.644,nan
train32,GEN,webcam_l,0,0,nan,4.677,nan
train32,GEN,webcam_c,0,0,nan,4.620,nan
train32,GEN,webcam_r,0,0,nan,5.577,nan
train32,S_cross,webcam_l,0,0,nan,3.942,nan
train32,S_cross,webcam_c,0,0,nan,3.612,nan
train32,S_cross,webcam_r,0,0,nan,5.383,nan
train37,T,basler,60,60,0.307,0.470,89.892
train37,Tk,basler,30,30,0.253,0.457,89.882
train37,S,basler,60,30,0.208,0.460,89.878
train37,T,webcam_l,60,60,0.298,0.424,90.556
train37,Tk,webcam_l,30,30,0.246,0.421,90.377
train37,S,webcam_l,60,30,0.241,0.422,90.483
train37,T,webcam_c,60,60,0.358,0.469,90.115
train37,Tk,webcam_c,30,30,0.279,0.455,90.198
train37,S,webcam_c,60,30,0.259,0.459,90.166
train37,T,webcam_r,60,60,0.436,0.526,89.633
train37,Tk,webcam_r,30,30,0.303,0.498,89.528
train37,S,webcam_r,60,30,0.254,0.498,89.391
train37,S240,basler,229,114,0.229,0.434,89.885
train37,F,basler,240,0,nan,2.659,90.015
train37,F,webcam_l,240,0,nan,0.933,90.015
train37,F,webcam_c,240,0,nan,0.835,90.015
train37,F,webcam_r,240,0,nan,1.847,90.015
train37,M,basler,240,120,0.726,2.564,89.623
train37,M,webcam_l,240,120,0.726,1.063,89.623
train37,M,webcam_c,240,120,0.726,1.119,89.623
train37,M,webcam_r,240,120,0.726,0.894,89.623
train37,GEN,basler,0,0,nan,3.858,nan
train37,GEN,webcam_l,0,0,nan,3.444,nan
train37,GEN,webcam_c,0,0,nan,3.622,nan
train37,GEN,webcam_r,0,0,nan,4.429,nan
train37,S_cross,webcam_l,0,0,nan,3.708,nan
train37,S_cross,webcam_c,0,0,nan,2.910,nan
train37,S_cross,webcam_r,0,0,nan,4.385,nan
val01,T,webcam_l,60,60,0.339,0.406,90.729
val01,Tk,webcam_l,30,30,0.255,0.408,90.614
val01,S,webcam_l,60,30,0.235,0.405,90.874
val01,T,webcam_c,60,60,0.334,0.495,90.335
val01,Tk,webcam_c,30,30,0.286,0.504,90.258
val01,S,webcam_c,60,30,0.248,0.486,90.235
val01,T,webcam_r,60,60,0.370,0.477,90.390
val01,Tk,webcam_r,30,30,0.292,0.469,90.395
val01,S,webcam_r,60,30,0.264,0.472,90.547
val01,F,basler,180,0,nan,3.470,90.261
val01,F,webcam_l,180,0,nan,2.019,90.261
val01,F,webcam_c,180,0,nan,1.657,90.261
val01,F,webcam_r,180,0,nan,2.279,90.261
val01,M,basler,240,120,1.139,2.492,90.918
val01,M,webcam_l,240,120,1.139,1.688,90.918
val01,M,webcam_c,240,120,1.139,1.214,90.918
val01,M,webcam_r,240,120,1.139,2.423,90.918
val01,GEN,basler,0,0,nan,2.198,nan
val01,GEN,webcam_l,0,0,nan,2.857,nan
val01,GEN,webcam_c,0,0,nan,3.220,nan
val01,GEN,webcam_r,0,0,nan,2.580,nan
train38,T,basler,60,60,0.537,0.629,89.754
train38,Tk,basler,30,30,0.402,0.631,89.829
train38,S,basler,60,30,0.355,0.614,89.801
train38,T,webcam_l,60,60,0.570,0.689,90.831
train38,Tk,webcam_l,30,30,0.400,0.676,90.427
train38,S,webcam_l,60,30,0.335,0.674,90.751
train38,T,webcam_c,60,60,0.523,0.679,90.601
train38,Tk,webcam_c,30,30,0.383,0.610,90.493
train38,S,webcam_c,60,30,0.309,0.616,90.545
train38,T,webcam_r,60,60,0.634,0.914,90.206
train38,Tk,webcam_r,30,30,0.438,0.935,90.189
train38,S,webcam_r,60,30,0.410,0.929,90.235
train38,S240,basler,228,114,0.330,0.608,89.717
train38,F,basler,240,0,nan,5.217,90.186
train38,F,webcam_l,240,0,nan,3.019,90.186
train38,F,webcam_c,240,0,nan,1.152,90.186
train38,F,webcam_r,240,0,nan,4.237,90.186
train38,M,basler,240,120,1.759,1.972,90.150
train38,M,webcam_l,240,120,1.759,2.199,90.150
train38,M,webcam_c,240,120,1.759,2.123,90.150
train38,M,webcam_r,240,120,1.759,2.935,90.150
train38,GEN,basler,0,0,nan,4.032,nan
train38,GEN,webcam_l,0,0,nan,3.867,nan
train38,GEN,webcam_c,0,0,nan,3.696,nan
train38,GEN,webcam_r,0,0,nan,4.798,nan
train38,S_cross,webcam_l,0,0,nan,5.049,nan
train38,S_cross,webcam_c,0,0,nan,3.694,nan
train38,S_cross,webcam_r,0,0,nan,7.127,nan
train39,T,basler,60,60,0.354,0.422,89.431
train39,Tk,basler,30,30,0.257,0.444,89.336
train39,S,basler,60,30,0.223,0.423,89.344
train39,T,webcam_l,60,60,0.466,0.630,89.850
train39,Tk,webcam_l,30,30,0.353,0.629,89.694
train39,S,webcam_l,60,30,0.305,0.630,89.790
train39,T,webcam_c,60,60,0.526,0.624,89.500
train39,Tk,webcam_c,30,30,0.358,0.622,89.524
train39,S,webcam_c,60,30,0.293,0.605,89.680
train39,T,webcam_r,60,60,0.465,0.567,89.177
train39,Tk,webcam_r,30,30,0.385,0.538,89.218
train39,S,webcam_r,60,30,0.313,0.541,89.433
train39,S240,basler,230,115,0.217,0.412,89.378
train39,F,basler,240,0,nan,3.652,89.511
train39,F,webcam_l,240,0,nan,2.773,89.511
train39,F,webcam_c,240,0,nan,1.193,89.511
train39,F,webcam_r,240,0,nan,2.388,89.511
train39,M,basler,240,120,1.233,1.992,89.587
train39,M,webcam_l,240,120,1.233,1.709,89.587
train39,M,webcam_c,240,120,1.233,1.735,89.587
train39,M,webcam_r,240,120,1.233,1.953,89.587
train39,GEN,basler,0,0,nan,4.101,nan
train39,GEN,webcam_l,0,0,nan,4.287,nan
train39,GEN,webcam_c,0,0,nan,3.137,nan
train39,GEN,webcam_r,0,0,nan,4.021,nan
train39,S_cross,webcam_l,0,0,nan,3.737,nan
train39,S_cross,webcam_c,0,0,nan,2.824,nan
train39,S_cross,webcam_r,0,0,nan,4.078,nan
val03,T,webcam_l,60,60,0.369,0.484,90.461
val03,Tk,webcam_l,30,30,0.288,0.409,90.189
val03,S,webcam_l,60,30,0.224,0.397,90.800
val03,T,webcam_c,60,60,0.320,0.411,90.213
val03,Tk,webcam_c,30,30,0.246,0.379,90.158
val03,S,webcam_c,60,30,0.214,0.374,90.139
val03,T,webcam_r,60,60,0.332,0.471,90.442
val03,Tk,webcam_r,30,30,0.278,0.402,90.181
val03,S,webcam_r,60,30,0.219,0.405,90.383
val03,F,basler,180,0,nan,3.970,90.423
val03,F,webcam_l,180,0,nan,1.869,90.423
val03,F,webcam_c,180,0,nan,0.527,90.423
val03,F,webcam_r,180,0,nan,2.235,90.423
val03,M,basler,240,120,0.832,1.327,89.879
val03,M,webcam_l,240,120,0.832,1.304,89.879
val03,M,webcam_c,240,120,0.832,0.728,89.879
val03,M,webcam_r,240,120,0.832,2.063,89.879
val03,GEN,basler,0,0,nan,2.826,nan
val03,GEN,webcam_l,0,0,nan,2.531,nan
val03,GEN,webcam_c,0,0,nan,2.461,nan
val03,GEN,webcam_r,0,0,nan,2.868,nan
val02,T,basler,60,60,0.379,0.509,89.889
val02,Tk,basler,30,30,0.306,0.545,89.881
val02,S,basler,60,30,0.259,0.493,89.942
val02,T,webcam_l,60,60,0.444,0.624,90.872
val02,Tk,webcam_l,30,30,0.314,0.555,90.922
val02,S,webcam_l,60,30,0.273,0.543,91.107
val02,T,webcam_c,60,60,0.515,0.639,90.802
val02,Tk,webcam_c,30,30,0.359,0.562,90.700
val02,S,webcam_c,60,30,0.259,0.534,90.538
val02,T,webcam_r,60,60,0.694,0.870,90.387
val02,Tk,webcam_r,30,30,0.444,0.823,90.418
val02,S,webcam_r,60,30,0.354,0.823,90.687
val02,S240,basler,209,104,0.264,0.479,89.906
val02,F,basler,240,0,nan,5.342,90.252
val02,F,webcam_l,240,0,nan,3.457,90.252
val02,F,webcam_c,240,0,nan,1.381,90.252
val02,F,webcam_r,240,0,nan,3.942,90.252
val02,M,basler,240,120,1.686,1.861,90.700
val02,M,webcam_l,240,120,1.686,2.925,90.700
val02,M,webcam_c,240,120,1.686,2.036,90.700
val02,M,webcam_r,240,120,1.686,3.404,90.700
val02,GEN,basler,0,0,nan,4.028,nan
val02,GEN,webcam_l,0,0,nan,4.548,nan
val02,GEN,webcam_c,0,0,nan,4.787,nan
val02,GEN,webcam_r,0,0,nan,4.647,nan
val02,S_cross,webcam_l,0,0,nan,5.735,nan
val02,S_cross,webcam_c,0,0,nan,3.972,nan
val02,S_cross,webcam_r,0,0,nan,6.427,nan
val05,T,basler,60,60,0.661,0.855,89.446
val05,Tk,basler,30,30,0.534,0.857,89.482
val05,S,basler,60,30,0.491,0.806,89.566
val05,T,webcam_l,60,60,0.773,1.032,90.824
val05,Tk,webcam_l,30,30,0.623,0.978,90.558
val05,S,webcam_l,60,30,0.538,0.964,90.959
val05,T,webcam_c,60,60,0.690,0.914,90.283
val05,Tk,webcam_c,30,30,0.535,0.926,90.272
val05,S,webcam_c,60,30,0.421,0.909,90.353
val05,T,webcam_r,60,60,0.708,0.913,90.035
val05,Tk,webcam_r,30,30,0.540,0.899,90.196
val05,S,webcam_r,60,30,0.482,0.878,90.388
val05,S240,basler,226,113,0.438,0.804,89.482
val05,F,basler,240,0,nan,3.349,89.984
val05,F,webcam_l,240,0,nan,2.596,89.984
val05,F,webcam_c,240,0,nan,1.396,89.984
val05,F,webcam_r,240,0,nan,2.559,89.984
val05,M,basler,240,120,1.094,4.022,89.808
val05,M,webcam_l,240,120,1.094,1.759,89.808
val05,M,webcam_c,240,120,1.094,1.264,89.808
val05,M,webcam_r,240,120,1.094,1.791,89.808
val05,GEN,basler,0,0,nan,3.907,nan
val05,GEN,webcam_l,0,0,nan,4.146,nan
val05,GEN,webcam_c,0,0,nan,3.804,nan
val05,GEN,webcam_r,0,0,nan,4.754,nan
val05,S_cross,webcam_l,0,0,nan,4.097,nan
val05,S_cross,webcam_c,0,0,nan,2.581,nan
val05,S_cross,webcam_r,0,0,nan,4.559,nan
val04,T,basler,60,60,0.352,0.461,88.720
val04,Tk,basler,30,30,0.294,0.493,88.661
val04,S,basler,60,30,0.235,0.504,88.737
val04,T,webcam_l,60,60,0.420,0.577,89.201
val04,Tk,webcam_l,30,30,0.332,0.576,89.354
val04,S,webcam_l,60,30,0.276,0.559,89.576
val04,T,webcam_c,60,60,0.488,0.603,88.974
val04,Tk,webcam_c,30,30,0.398,0.613,89.029
val04,S,webcam_c,60,30,0.292,0.607,89.202
val04,T,webcam_r,60,60,0.490,0.640,88.961
val04,Tk,webcam_r,30,30,0.408,0.616,88.910
val04,S,webcam_r,60,30,0.353,0.620,89.057
val04,S240,basler,228,114,0.250,0.453,88.686
val04,F,basler,240,0,nan,3.452,88.975
val04,F,webcam_l,240,0,nan,2.265,88.975
val04,F,webcam_c,240,0,nan,1.132,88.975
val04,F,webcam_r,240,0,nan,3.675,88.975
val04,M,basler,240,120,1.168,3.761,89.120
val04,M,webcam_l,240,120,1.168,1.802,89.120
val04,M,webcam_c,240,120,1.168,1.142,89.120
val04,M,webcam_r,240,120,1.168,2.849,89.120
val04,GEN,basler,0,0,nan,4.837,nan
val04,GEN,webcam_l,0,0,nan,4.101,nan
val04,GEN,webcam_c,0,0,nan,3.635,nan
val04,GEN,webcam_r,0,0,nan,5.904,nan
val04,S_cross,webcam_l,0,0,nan,3.688,nan
val04,S_cross,webcam_c,0,0,nan,3.457,nan
val04,S_cross,webcam_r,0,0,nan,5.488,nan
